Código,Descrição,Tradução,Causas possíveis,Recomendações,
100-2,"Oil Pressure Sensor: Erratic, Intermitent or Incorrect","Sensor de Pressão Óleo Lubrificante - Errado, Intermitente ou Incorreto","Sensor defeituoso, cabo de interligação defeituoso.",Checagem do sensor e cabos de interligação; Troca do sensor e cabos de interligação.,
100-3,Lube Oil Pressure Sensor: Voltagem Above Normal,Sensor de Pressão Óleo Lubrificante - Voltagem acima do normal,"Sensor defeituoso, cabo de interligação defeituoso",Checagem do sensor e cabos de interligação; Troca do sensor e cabos de interligação.,
10-5,Cylinder #10 Injector: Current Below Normal,Injetor #10 - Corrente abaixo do normal - Circuito Aberto,"Injetor defeituoso, cabo de interligação defeituoso.",Checagem do injetor e cabos de interligação; Troca do injetor e cabos de interligação.,
105-3,Inlet Manifold Temperature Sensor:Voltage Above Normal,Sensor de temperatura do coletor de admissão: tensão acima do normal,"Sensor defeituoso, cabo de interligação defeituoso.",Checagem do sensor e cabos de interligação; Troca do sensor e cabos de interligação.,
110-3,Engine Coolant Temperature Sensor:Voltage Above Normal,Sensor de temperatura de arrefecimento: Voltagem alta,"Sensor defeituoso, cabo de interligação defeituoso.",Checagem do sensor e cabos de interligação; Troca do sensor e cabos de interligação.,
279-3,Aftercooler Coolant Temperature Sensor (Front):Voltage Above Normal,,"Sensor defeituoso, cabo de interligação defeituoso.",Checagem do sensor e cabos de interligação; Troca do sensor e cabos de interligação.,
289-2,"Fuel Pressure Sensor - Before Fuel Filter:Erratic, Intermittent, or Incorrect","Sensor de pressão de combustível - Errado, Intermitente ou Incorreto","Sensor defeituoso, cabo de interligação defeituoso.",Checagem do sensor e cabos de interligação; Troca do sensor e cabos de interligação.,
289-3,Fuel Pressure Sensor - Before Fuel Filter: Voltage Above Normal,Sensor de pressão de combustível: Voltagem abaixo do normal,"Sensor defeituoso, chicote defeituoso, sensor desconectado.",Checagem do sensor e cabos de interligação; Troca do sensor e cabos de interligação.,
4-5,Cylinder #4 Injector:Current Below Normal,Injetor #4 - Corrente abaixo do normal - Circuito Aberto,"Injetor defeituoso, cabo de interligação defeituoso.",Checagem do injetor e cabos de interligação; Troca do injetor e cabos de interligação.,
542-2,"Oil Pressure Sensor - Before Filter: Erratic, Intermitent or Incorrect","Sensor de Pressão Óleo Lubrificante - Antes do Filtro - Errado, Intermitente ou Incorreto","Sensor defeituoso, cabo de interligação defeituoso.",Checagem do sensor e cabos de interligação; Troca do sensor e cabos de interligação.,
E9(2),High Altitude Derate,,"Sensor defeituoso, chicote defeituoso.",Checagem do sensor e chicote; Troca do sensor e chicote.,
54-2,"High Fuel Temperature Derate - Erratic, Intermittent, or Incorrect","Alta temperatura de combustível reduzida - Errado, Intermitente ou Incorreto","Válvula reguladora de pressão de combustível, Nível de combustível, Linhas de combustível, Motor superaquecido.","Inspecionar a válvula reguladora de pressão de combustível de retorno. Certificar-se de que o tanque de combustível contém combustível suficiente. À medida que o nível do tanque de combustível diminui, a temperatura do combustível geralmente aumenta. Certificar-se de que o fluxo de retorno de combustível para o tanque de combustível não esteja obstruído. ",
542-3,Engine Oil Pressure Sensor - Before Oil Filter:Voltage Above Normal,Sensor de pressão de óleo lubrificante - Antes do Filtro: Voltagem alta,"Sensor defeituoso, cabo de interligação defeituoso.",Checagem do sensor e cabos de interligação; Troca do sensor e cabos de interligação.,
0-9,Engine Control Module:Abnormal Update Rate,Módulo de Controle do Motor: Taxa anormal de atualização,"Falha de comunicação do ECM principal com outros dispositivos do motor. Módulo de controle do motor (ECM) defeituoso, chicote defeituoso.",Verificação do Módulo de controle do motor e verificação dos chicotes e conectores que interligam os sensores do motor com o ECM.,
590-9,Engine Control Module:Abnormal Update Rate,Módulo de Controle do Motor: Taxa anormal de atualização,"Falha de comunicação do ECM principal com outros dispositivos do motor. Módulo de controle do motor (ECM) defeituoso, chicote defeituoso.",Verificação do Módulo de controle do motor e verificação dos chicotes e conectores que interligam os sensores do motor com o ECM.,
827-8,"Left Exhaust Temperature Sensor:Abnormal Frequency, Pulse Width, or Period",Sensor de temperatura de exaustão - Bancada da Esquerda: Sinal anormal,Instabilidade no Sensor de temperatura de exaustão - Bancada da Esquerda.,Monitorar o sinal de temperatura de exaustão recebido pelo ECM do motor através do CAT ET.,
828-8,"Right Exhaust Temperature Sensor:Abnormal Frequency, Pulse Width, or Period",Sensor de temperatura de exaustão - Bancada da Direita: Sinal anormal,Instabilidade no Sensor de temperatura de exaustão - Bancada da direita.,Monitorar o sinal de temperatura de exaustão recebido pelo ECM do motor através do CAT ET.,
8-5,Cylinder #8 Injector:Current Below Normal,Injetor #8 - Corrente abaixo do normal - Circuito Aberto,"Injetor defeituoso, cabo de interligação defeituoso.",Checagem do injetor e cabos de interligação; Troca do injetor e cabos de interligação.,
91-13,Throttle Position Sensor: Out of Calibration,Sensor de Posição do Acelerador: Fora da Calibração,Falta de calibração sensor de posição do acelerador.,A calibração do sensor de posição do acelerador requer o uso do Cat ET.,
91-8,"Throttle Position Sensor:Abnormal Frequency, Pulse Width, or Period",Sensor de posição do acelerador: Sinal anormal,Instabilidade no sinal de posição do acelerador.,Monitorar o sinal de posição do acelerador recebido pelo ECM do motor através do CAT ET. Verificar a estabilidade do sinal quando o acelerador está parado e sua calibração,
94-2,"Fuel Delivery Pressure Sensor: Erratic, Intermittent, or Incorrect","Sensor de pressão de entrada de combustível - Errado, Intermitente ou Incorreto","Sensor defeituoso, cabo de interligação defeituoso.",Checagem do sensor e cabos de interligação; Troca do sensor e cabos de interligação.,
94-3,Fuel Delivery Pressure Sensor: Voltage Above Normal,Sensor de Pressão de Entrada de Combustível - Voltagem Alta,"Sensor defeituoso, cabo de interligação defeituoso.",Checagem do sensor e cabos de interligação; Troca do sensor e cabos de interligação.,
E100,Low Engine Oil Pressure Warning,Baixa pressão de óleo lubrificante,"Baixo nível de óleo lubrificante, óleo lubrificante contaminado, viscosidade incorreta, sensores de pressão de óleo defeituosos, circulação imprópria do óleo lubrificante, componentes desgastados. Essa falha, caso não tratada, pode gerar consequências catastróficas nos motores.","Checar o nível de óleo,qualidade e viscosidade, verificar se o filtro de óleo está obstruido",
E101(1),High Crankcase Pressure Warning,Pressão do cárter acima do limite por um longo período de tempo - Alerta,Respiro do cárter bloqueado/coagulado. Desgaste excessivo dos componentes do motor.,"Checagem do blowby, guias de válvulas, selos do turbocompressor, respiro do motor/separador de óleo. O incorreto funcionamento do respiro do motor também pode causar vazamentos nos retentores do eixo virabrequim, pela elevada pressão no cárter.",
E16(3),High Engine Coolant Temperature Shutdown,Alta temperatura de arrefecimento - Shutdown,"Baixo nível do líquido de arrefecimento, ar no sistema de arrefecimento, vazamento de fluido, mangueiras danificadas, aftercooler defeituoso, bomba de líquido arrefecedor de água com revestimento defeituoso.","Verificar se o motor está operando com cargas muito altas. Verificar regulador de temperatura, se existe ar no sistema de arrefecimento, vazamento de fluido de arrefecimento, mangueiras danificadas e/ou aftercooler defeituoso.",
E173(1),High Exhaust Temperature Warning,Alerta de Alta Temperatura de Gasas de Descarga,"Restrição da vazão de ar de admissão, vazamento no coletor de admissão ou descarga, retrição na descarga, injetores defeituosos, redução de performance do aftercooler.","Chegagem da entrada de ar do motor a procura de restrições ou vazamentos, checagem do coletor de descarga a procura de vazamentos entre o coletor e o turbo-compressor, checagem da saída da descarga de gases a procura de restrições ou alta co ntra-pressão, checagem da performance dos injetores, checagem do aftercooler a procura de vazamentos ou entupimento das aletas internas.",
E190(1),Engine Overspeed Warning,Sobrevelocidade do motor - Alerta,Remoção de carga brusca no motor; Ar de admissão combustível.,Diminuição gradual de carga desse motor. Análise da atmosfera do ar de admissão do motor.,
E198(3),Low Fuel Pressure,Baixa pressão de combustível,"Tampa do tanque de combustível, Válvula reguladora de pressão de combustível, Válvula de alívio de pressão de combustível, Nível de combustível.","Verificar tampa do tanque de combustível, válvula reguladora de pressão de combustível, válvula de alívio de p ressão de combustível e nível de combustível.",
E21(2),High Exhaust Temperature Derate,Derate - Alta Temperatura de Gases de Descarga,"Restrição da vazão de ar de admissão, vazamento no coletor de admissão ou descarga, retrição na descarga, injetores defeituosos, redução de performance do aftercooler.","Checagem da entrada de ar do motor a procura de restrições ou vazamentos, checagem do coletor de descarga a procura de vazamentos entre o coletor e o turbo-compressor, checagem da saída da descarga de gases a procura de restrições ou alta co ntra-pressão, checagem da performance dos injetores, checagem do aftercooler a procura de vazamentos ou entupimento das aletas internas.",
E225(3),Engine Overcrank,Tempo de partida ultrapassado,"Códigos de diagnóstico, Códigos de eventos, Abastecimento de combustível, Fonte de alimentação elétrica para o Módulo de Controle Eletrônico (ECM), Auxílios de partida (se aplicável), Chaves de desligamento do motor (se aplicável), Velocidade do motor/timing, Injetores unitários.","Verificar o sistema de combustível, chicote de alimentação do ECM, chaves de parada, injetores e timing do motor.",
E264(3),Emergency Stop Activated,Alerta de botoeira de emergência ativada,Botoeira de emergência pressionada,Verificar o correto funcionamento das botoeiras de emergência,
E272(1),Inlet Air Restriction Warning,Derate - Restrição do Filtro de Ar de Admissão,Filtro de ar bloqueado/coagulado.,Checagem do filtro de ar e tubulações de admissão do motor.,
E31(2),Air Filter Restriction Derate,Restrição do Filtro de Ar de Admissão - Alerta,Filtro de ar bloqueado/coagulado.,Checagem do filtro de ar e tubulações de admissão do motor.,
E38(1),Low Engine Coolant Temperature Warning,Baixa Temperatura de Líquido de Arrefecimento - Alerta,Operação em fatores de carga altos com baixa temperatura do sistema de arrefecimento. Aumento brusco do fator de carga no motor com temperatura baixa de arrefecimento.,"Operação em fatores de carga muito baixos, Antes de assumir cargas altas, o motor deve ser preaquecido até a temperatura de trabalho; Utilização de aquecedor de água de jaqueta.",
E4(3),Engine Overspeed Shutdown,Sobrevelocidade do motor - Shutdown,O shutdown ocorre quando o motor encontra-se em sobrevelocidade por um período de tempo elevado.,Diminuição gradual de carga desse motor. Análise da atmosfera do ar de admissão do motor.,
E40,Low Engine Oil Pressure Shutdown,Pressão de óleo lubrificante baixa com Shutdown,"Baixo nível de óleo lubrificante, óleo lubrificante contaminado, viscosidade incorreta, sensores de pressão de óleo defeituosos, circulação imprópria do óleo lubrificante, componentes desgastados. Essa falha, caso não tratada, pode gerar consequências catastróficas nos motores.","Checar o nível de óleo,qualidade e viscosidade, verificar se o filtro de óleo está obstruido",
E48(1),Backup ECM Took Control,ECM secundário assume controle do motor,"Tensão da bateria do ECM principal, Perda do sinal do ECM principal, códigos de diagnóstico para as solenóides do injetor, condição de sobrevelocidade do motor.",O ECM secundário assumirá o controle de governar o motor se o sinal de pulsação do ECM principal para o ECM secundário for interrompido. Verifique se o fio que transporta o sinal de pulsação do ECM principal para o ECM secundário não está aberto ou se o fio não está em curto.,
E95(1),Fuel Filter Restriction Warning,Alerta de restrição do Filtro de Combustível,Aumento do diferencial de pressão no filtro de combustível; Necessidade de troca do filtro de combustível; Instalação incorreta dos sensores de pressão de entrada/saída de combustível.,Checagem do posicionamento de instalação dos sensores de pressão; Troca dos filtros de combustível.,
E99(1),Engine Oil Filter Restriction Warning,Restrição do Filtro de óleo - Alerta,Aumento do diferencial de pressão no filtro de óleo; Necessidade de troca do filtro de óleo; Instalação incorreta dos sensores de pressão de entrada/saída de óleo.,Checagem do posicionamento de instalação dos sensores de pressão; Troca dos filtros.,
2739-3,Turbocharger #2 Compressor Inlet Pressure Sensor:Voltage Above Normal,"
Turbocompressor # 2 Sensor de Pressão de Entrada do Compressor: Voltagem Acima do Normal","Sensor defeituoso, cabo de interligação defeituoso.",Checagem do sensor e cabos de interligação; Troca do sensor e cabos de interligação.,
289-4,Fuel Pressure Sensor - Before Fuel Filter:Voltage Below Normal,,"Sensor defeituoso, cabo de interligação defeituoso.",Checagem do sensor e cabos de interligação; Troca do sensor e cabos de interligação.,
263-4,Digital Sensor Power Supply (8V Or 12V):Voltage Below Normal,,"Sensor defeituoso, cabo de interligação defeituoso.",Checagem do sensor e cabos de interligação; Troca do sensor e cabos de interligação.,
E2143(1) ,Low Engine Coolant Level,Baixo nível de liquido de arrefecimento.,Baixo nível de liquido de arrefecimento.,"Checar por vazamentos no sistema de arrefecimento, aftercoolers, trocadores de calor.",
168-1,Electrical System Voltage: Low,,A tensão de alimentação da bateria é inferior a 9 VDC por dois segundos. O ECM do motor foi alimentado por três segundos. O motor não está sendo acionado.,,
168-2,"Electrical System Voltage: Erratic, Intermittent, or Incorrect",,"O motor está funcionando. A tensão da bateria cai abaixo de 9 VDC por pelo menos 0,06 segundos. A voltagem retorna acima de 9 VDC ou Três leituras de tensão nos últimos sete segundos ficaram abaixo de 9 VDC.",,
342-8,"Secondary Engine Speed Sensor:Abnormal Frequency, Pulse Width, or Period ","Sensor secundário de velocidade do motor:  Frequência anormal, largura de pulso, ou período",Quando a velocidade do motor é maior que zero rpm e o padrão do anel de temporização está incorreto por cinco segundos.,"Estabelecer comunicação com o ECM principal. Se a comunicação com o ECM primário não puder ser estabelecida, verifique se a te nsão está presente no ECM principal. Verifique se o fio que transporta o sinal de pulso do ECM principal para o ECM secundário não tem uma abertura ou se o fio não está em curto.",
190-8,"Engine Speed Sensor:Abnormal Frequency, Pulse Width, or Period ","Sensor de velocidade do motor: Frequência anormal, largura de pulso, ou período","
Voltagem da bateria para o ECM principal, Perda do sinal primário de pulsação ECM, Códigos de diagnóstico para as solenóides do injetor, Condição de excesso de velocidade do motor","
Estabelecer comunicação com o ECM principal. Se a comunicação com o ECM primário não puder ser estabelecida, verifique se a tensão está presente no ECM principal. Verifique se o fio que transporta o sinal de pulso do ECM principal para o ECM secundário não tem uma abertura ou se o fio não está em curto.",
10-2,"Cylinder #10 Injector:Erratic, Intermittent, or Incorrect","Cilindro #10 injetor: Errado, Intermitente, Incorreto",Instabilidade no sinal do bico injetor #10.,Monitorar o sinal do bico injetor recebido pelo ECM do motor através do CAT ET. Verificar a estabilidade do sinal e sua calibração,
28-2,"Variable Geometry Turbocharger Actuator #2:Erratic, Intermittent, or Incorrect","Atuador turbocharger de geometria variável #2: Errado, Intermitente, Incorreto",Instabilidade no sinal do atuador de geometria variável do turbocharger #2.,Monitorar o sinal do atuador de geometria variável do turbocharger recebido pelo ECM do motor através do CAT ET. Verificar a estabilidade do sinal e sua calibração,
E15,High Engine Coolant Temperature Derate,Alta temperatura do líquido de arrefecimento do motor,"Baixo nível do líquido de arrefecimento, qualidade do refrigerante, ar no sistema de arrefecimento, radiador, vazamento de refrigerante, ventilador de refrigeração do radiador defeituoso (se aplicável), mangueiras danificadas, regulador de temperatura com defeito, bomba de líquido arrefecedor de água com revestimento defeituoso, aftecooler ou carga excessiva no sistema.","Inspecionar o nível do líquido de arrefecimento e Verificar sua qualidade, Verificar presença de ar no sistema de arrefecimento, Verificar as aletas de refrigeração no radiador. Verificar o sistema de arrefecimento quanto a vazamentos. Verificar se o motor não está com sobrecarga.",
E17(2),High Engine Coolant Temperature Derate,Alta temperatura do líquido de arrefecimento do motor,"Baixo nível do líquido de arrefecimento, qualidade do refrigerante, ar no sistema de arrefecimento, radiador, vazamento de refrigerante, ventilador de refrigeração do radiador defeituoso (se aplicável), mangueiras danificadas, regulador de temperatura com defeito, bomba de líquido arrefecedor de água com revestimento defeituoso, aftecooler ou carga excessiva no sistema.","Inspecionar o nível do líquido de arrefecimento e Verificar sua qualidade, Verificar presença de ar no sistema de arrefecimento, Verificar as aletas de refrigeração no radiador. Verificar o sistema de arrefecimento quanto a vazamentos. Verificar se o motor não está com sobrecarga.",
273-3,Turbocharger Outlet Pressure Sensor: Voltage Above Normal,Sensor de Pressão de Saída do Turbocompressor: Voltagem Acima do Normal,"Sensor defeituoso, cabo de interligação defeituoso.",Checagem do sensor e cabos de interligação; Troca do sensor e cabos de interligação.,
2738-3,Turbocharger #1 Compressor Inlet Pressure Sensor:Voltage Above Normal,"
Turbocompressor # 1 Sensor de Pressão de Entrada do Compressor: Voltagem Acima do Normal","Sensor defeituoso, cabo de interligação defeituoso.",Checagem do sensor e cabos de interligação; Troca do sensor e cabos de interligação.,
E17(1),High Engine Coolant Temperature Warning,Aviso de Temperatura Elevada do Líquido Arrefecedor do Motor,"Baixo nível do líquido de arrefecimento, qualidade do refrigerante, ar no sistema de arrefecimento, radiador, vazamento de refrigerante, ventilador de refrigeração do radiador defeituoso (se aplicável), mangueiras danificadas, regulador de temperatura com defeito, bomba de líquido arrefecedor de água com revestimento defeituoso, aftecooler ou carga excessiva no sistema.",,
J1141-5,Engine Exhaust Gas Port 5 Temperature:Current Below Normal ,Corrente abaixo do Normal no Sensor de Gás de Exaustão do Motor na Porta 5,"Sensor defeituoso, cabo de interligação defeituoso ou desconectado.",Checagem do sensor e cabos de interligação; Troca do sensor e cabos de interligação.,
J1147-5,Engine Exhaust Gas Port 11 Temperature:Current Below Normal,Corrente abaixo do Normal no Sensor de Gás de Exaustão do Motor na Porta 11,"Sensor defeituoso, cabo de interligação defeituoso ou desconectado.",Checagem do sensor e cabos de interligação; Troca do sensor e cabos de interligação.,
E13(3),High Crankcase Pressure Shutdown,Alta pressão no Cárter com Shutdown,"Componentes do motor desgastados, Respiro do cárter obstruído","Checagem do blowby, guias de válvulas, selos do turbocompressor, respiro do motor/separador de óleo. O incorreto funcionamento do respiro do motor também pode causar vazamentos nos retentores do eixo virabrequim, pela elevada pressão no cárter.",
101-3,Crankcase Air Pressure Sensor: Voltage Above Normal,Sensor de Pressão de Ar do Cárter: Voltagem Acima do Normal,"Sensor defeituoso, cabo de interligação defeituoso ou desconectado.",Checagem do sensor e cabos de interligação; Troca do sensor e cabos de interligação.,
J1147-5,Crankcase Air Pressure Sensor: Voltage Above Normal,Corrente abaixo do Normal no Sensor de Gás de Exaustão do Motor na Porta 11,"Sensor defeituoso, cabo de interligação defeituoso ou desconectado.",Checagem do sensor e cabos de interligação; Troca do sensor e cabos de interligação.,
6-5,Cylinder #6 Injector:Current Below Normal,Cilindro #6 injetor: Corrente abaixo do normal,"Normalmente, problemas com o solenóide do injetor ocorrem quando o motor é aquecido e / ou quando o motor está sob vibração (cargas pesadas). ","Inspecione os conectores elétricos e a fiação, realize o ""Teste de corte do cilindro"", verifique o chicote entre o ECM e os conectores do injetor em busca de um circuito aberto",
247-9,SAE J1939 Data Link:Abnormal Update Rate ,,Taxa de atualização anormal de algum módulo conectado à rede J1939. , Atualziação de todos os equipamentos da rede J1939 a fim de evitar conflitos de comunicação,
94-17,Engine Fuel Delivery Pressure Low ,Baixa Pressão de Combustível na Entrada,"Nível de combustível, Tampa do tanque de combustível, Sensores de pressão de combustível, Válvula reguladora de pressão de combustível, Bomba de escorva de combustível (se equipada), Bomba de transferência de combustível, Necessidade de troca do filtro de combustível.","Verificar nível do tanque de combustível, verificar tampa/respiro do tanque em busca de detritos, verificar sensores de combustível, verificar bomba de escorva de combustível, verificar bomba de transferência de combustível, verificar a vida útil dos filtros de combustível.",
655-06,Engine Injector Cylinder #09 Current Above Normal,Cilindro #5 injetor: Corrente acima do normal,"O ECM detecta um curto circuito. Normalmente, problemas com o solenóide do injetor ocorrem quando o motor está aquecido e/ou quando o motor está sob vibração (cargas pesadas)","Realizar um Teste de solenóide do injetor, Inspecione os conectores elétricos e a fiação, Execute um Teste de Corte do Cilindro, Verifique o chicote entre o ECM e a base da tampa da válvula em busca de um circuito aberto, Verifique o chicote entre o ECM e a tampa da válvula em busca de um curto-circuito, 
Verifique o chicote do injetor sob a tampa da válvula em busca de um circuito aberto ou um curto-circuito, Verifique se o ECM está em operação adequada.",
655-06,Engine Injector Cylinder #05 Current Above Normal,Cilindro #5 injetor: Corrente acima do normal,"O ECM detecta um curto circuito. Normalmente, problemas com o solenóide do injetor ocorrem quando o motor está aquecido e/ou quando o motor está sob vibração (cargas pesadas)","Realizar um Teste de solenóide do injetor, Inspecione os conectores elétricos e a fiação, Execute um Teste de Corte do Cilindro, Verifique o chicote entre o ECM e a base da tampa da válvula em busca de um circuito aberto, Verifique o chicote entre o ECM e a tampa da válvula em busca de um curto-circuito, 
Verifique o chicote do injetor sob a tampa da válvula em busca de um circuito aberto ou um curto-circuito, Verifique se o ECM está em operação adequada.",
653-06,Engine Injector Cylinder #03 Current Above Normal,Cilindro #3 injetor: Corrente acima do normal,"O ECM detecta um curto circuito. Normalmente, problemas com o solenóide do injetor ocorrem quando o motor está aquecido e/ou quando o motor está sob vibração (cargas pesadas)","Realizar um Teste de solenóide do injetor, Inspecione os conectores elétricos e a fiação, Execute um Teste de Corte do Cilindro, Verifique o chicote entre o ECM e a base da tampa da válvula em busca de um circuito aberto, Verifique o chicote entre o ECM e a tampa da válvula em busca de um curto-circuito, 
Verifique o chicote do injetor sob a tampa da válvula em busca de um circuito aberto ou um curto-circuito, Verifique se o ECM está em operação adequada.",
651-06,Engine Injector Cylinder #01 Current Above Normal,Cilindro #1 injetor: Corrente acima do normal,"O ECM detecta um curto circuito. Normalmente, problemas com o solenóide do injetor ocorrem quando o motor está aquecido e/ou quando o motor está sob vibração (cargas pesadas)","Realizar um Teste de solenóide do injetor, Inspecione os conectores elétricos e a fiação, Execute um Teste de Corte do Cilindro, Verifique o chicote entre o ECM e a base da tampa da válvula em busca de um circuito aberto, Verifique o chicote entre o ECM e a tampa da válvula em busca de um curto-circuito, 
Verifique o chicote do injetor sob a tampa da válvula em busca de um circuito aberto ou um curto-circuito, Verifique se o ECM está em operação adequada.",
654-06,Engine Injector Cylinder #04 Current Above Normal,Cilindro #4 injetor: Corrente acima do normal,"O ECM detecta um curto circuito. Normalmente, problemas com o solenóide do injetor ocorrem quando o motor está aquecido e/ou quando o motor está sob vibração (cargas pesadas)","Realizar um Teste de solenóide do injetor, Inspecione os conectores elétricos e a fiação, Execute um Teste de Corte do Cilindro, Verifique o chicote entre o ECM e a base da tampa da válvula em busca de um circuito aberto, Verifique o chicote entre o ECM e a tampa da válvula em busca de um curto-circuito, 
Verifique o chicote do injetor sob a tampa da válvula em busca de um circuito aberto ou um curto-circuito, Verifique se o ECM está em operação adequada.",
E12(2),High Crankcase Pressure Derate,Alta pressão no Cárter com Desaceleração,"Componentes do motor desgastados, Respiro do cárter obstruído","Checagem do blowby, guias de válvulas, selos do turbocompressor, respiro do motor/separador de óleo. O incorreto funcionamento do respiro do motor também pode causar vazamentos nos retentores do eixo virabrequim, pela elevada pressão no cárter.",
11-5,Cylinder #11 Injector:Current Below Normal,Cilindro #11 injetor: Corrente abaixo do normal,"Normalmente, problemas com o solenóide do injetor ocorrem quando o motor é aquecido e / ou quando o motor está sob vibração (cargas pesadas). ","Inspecione os conectores elétricos e a fiação, realize o ""Teste de corte do cilindro"", verifique o chicote entre o ECM e os conectores do injetor em busca de um circuito aberto",
110-15,Engine Coolant Temperature High,Sistema de arrefecimento do motor com temperatura alta,"Nível de fluido de arrefecimento baixo, qualidade do fluido, ar no sistema de arrefecimento, válvula termostática, bomba de água de jaqueta, aftercooler.","Inspecionar o nível do líquido de arrefecimento e Verificar sua qualidade, Verificar presença de ar no sistema de arrefecimento, Verificar as aletas de refrigeração no radiador. Verificar o sistema de arrefecimento quanto a vazamentos. Verificar se o motor não está com sobrecarga.",
337-2,"Remote Emergency Stop Switch: Erratic, Intermittent, or Incorrect ",,"O ECM do motor recebe dois sinais de entrada a partir do mesmo interruptor de parada de emergência. Esses sinais permitem o ECM determinar o status do interruptor de parada de emergência. O ECM irá desligar o motor se ambos os sinais estiverem ""em aberto"". Se durante a partida do motor, forem detectados dois sinais diferentes oriundo do interruptor, o ECM entenderá que um dos sinais está incorreto e o motor irá partir normalmente. E o alerta será emitido.",Verificar o correto funcionamento das botoeiras de parada.,
336-2,"Engine Control Switch : Erratic, Intermittent, or Incorrect ",,As duas entradas do ECS (Engine control Switch) estão no estado oposto ,O Módulo de Controle Eletrônico (ECM) do motor recebe três sinais que permitem ao ECM determinar o modo de operação. Os sinais de entrada em P1-21 e P1-22 informam ao ECM a posição do ECS. Os sinais de entrada em P1-21 e P1-22 devem estar no mesmo potencial ou um código de diagnóstico será gerado.,
1383-11,Engine was Shut Down Hot: Other Failure Mode,Motor foi desligado ainda quente,Motor foi desligado ainda quente,Realizar o procedimento de cool down do motor antes do desligamento total do motor.,
276-3,Left Turbocharger Inlet Pressure Sensor:Voltage Above Normal,,"Sensor defeituoso, cabo de interligação defeituoso.",Checagem do sensor e cabos de interligação; Troca do sensor e cabos de interligação.,
1249-13,Secondary Throttle Position calibration required ,,Falta de calibração sensor de posição do acelerador. ,A calibração do sensor de posição do acelerador requer o uso do Cat ET. ,
110-17,Engine Coolant Temperature:Low - least severe (1),,Operação em fatores de carga altos com baixa temperatura do sistema de arrefecimento. Aumento brusco do fator de carga no motor com temperatura baixa de arrefecimento.,"Operação em fatores de carga muito baixos, Antes de assumir cargas altas, o motor deve ser preaquecido até a temperatura de trabalho; Utilização de aquecedor de água de jaqueta.",
99-15,Engine Oil Filter Differential Pressure:High - least severe (1),,Aumento do diferencial de pressão no filtro de combustível; Necessidade de troca do filtro de combustível; Instalação incorreta dos sensores de pressão de entrada/saída de combustível.,Checagem do posicionamento de instalação dos sensores de pressão; Troca dos filtros de combustível.,
100-1,Engine Oil Pressure:Low - most severe (3),,"Baixo nível de óleo lubrificante, óleo lubrificante contaminado, viscosidade incorreta, sensores de pressão de óleo defeituosos, circulação imprópria do óleo lubrificante, componentes desgastados. Essa falha, caso não tratada, pode gerar consequências catastróficas nos motores.","Checar o nível de óleo,qualidade e viscosidade, verificar se o filtro de óleo está obstruido",
2433-8,"Engine Exhaust Manifold Bank #2 Temperature #1:Abnormal Frequency, Pulse Width, or Period",,"Sensor defeituoso, cabo de interligação defeituoso.",Checagem do sensor e cabos de interligação; Troca do sensor e cabos de interligação.,
1208-3,Engine Pre-filter Oil Pressure:Voltage Above Normal,,"Sensor defeituoso, cabo de interligação defeituoso.",Checagem do sensor e cabos de interligação; Troca do sensor e cabos de interligação.,
1656-2,"Engine Automatic Start Enable Switch:Erratic, Intermittent, or Incorrect",,"Botoeira defeituoso, cabo de interligação defeituoso.",Checagem do botoeira e cabos de interligação; Troca do botoeira e cabos de interligação.,
175-3,Engine Oil Temperature 1:Voltage Above Normal,,"Sensor defeituoso, cabo de interligação defeituoso.",Checagem do sensor e cabos de interligação; Troca do sensor e cabos de interligação.,
108-3,Barometric Pressure:Voltage Above Normal,,"Sensor defeituoso, cabo de interligação defeituoso.",Checagem do sensor e cabos de interligação; Troca do sensor e cabos de interligação.,
3671-0,Crank Attempt Count on Present Start Attempt:High - most severe (3),,"A quantidade tentativas de partida durante a ignição atual foram excedidas. Este limite é configurado ECM, definido por classificadora.",A quantidade tentativas de partida durante a ignição atual foram excedidas.,
1382-11,Engine Fuel Filter (suction side) Differential Pressure:Other Failure Mode,,Falha desconhecida.,Existe condição de falha ativa desconhecida. O sintoma deve ser investigado localmente.,
275-3,Right Turbocharger Inlet Pressure Sensor:Voltage Above Normal,,"Sensor defeituoso, cabo de interligação defeituoso.",Checagem do sensor e cabos de interligação; Troca do sensor e cabos de interligação.,
12-5,Cylinder #12 Injector:Current Below Normal,Cilindro #12 injetor: Corrente abaixo do normal,"Normalmente, problemas com o solenóide do injetor ocorrem quando o motor é aquecido e / ou quando o motor está sob vibração (cargas pesadas). ","Inspecione os conectores elétricos e a fiação, realize o ""Teste de corte do cilindro"", verifique o chicote entre o ECM e os conectores do injetor em busca de um circuito aberto.",
276-4,Left Turbocharger Inlet Pressure Sensor:Voltage Below Normal,,"Sensor defeituoso, cabo de interligação defeituoso.",Checagem do sensor e cabos de interligação; Troca do sensor e cabos de interligação.,
14-5,Cylinder #14 Injector:Current Below Normal,Cilindro #14 injetor: Corrente abaixo do normal,"Normalmente, problemas com o solenóide do injetor ocorrem quando o motor é aquecido e / ou quando o motor está sob vibração (cargas pesadas). ","Inspecione os conectores elétricos e a fiação, realize o ""Teste de corte do cilindro"", verifique o chicote entre o ECM e os conectores do injetor em busca de um circuito aberto.",
95-15,Engine Fuel Filter Differential Pressure:High - least severe (1),,Aumento do diferencial de pressão no filtro de combustível; Necessidade de troca do filtro de combustível; Instalação incorreta dos sensores de pressão de entrada/saída de combustível.,Checagem do posicionamento de instalação dos sensores de pressão; Troca dos filtros de combustível.,
970-31,Engine Auxiliary Engine Shutdown Switch,,Botoeira de parada do motor auxiliar pressionada.,Verificar o correto funcionamento das botoeiras de parada.,
2434-8,"Engine Exhaust Manifold Bank #1 Temperature #1:Abnormal Frequency, Pulse Width, or Period",,"Sensor defeituoso, cabo de interligação defeituoso.",Checagem do sensor e cabos de interligação; Troca do sensor e cabos de interligação.,
970-2,"Engine Auxiliary Engine Shutdown Switch:Erratic, Intermittent, or Incorrect",,"Botoeira defeituoso, cabo de interligação defeituoso.",Checagem do botoeira e cabos de interligação; Troca do botoeira e cabos de interligação.,
1664-31,Engine Automatic Start Failed,,Tentativa de partida não sucedida.,"Houve uma tentativa de partida não sucedida. O tempo em condição de partida foi superior ao limite configurado no ECM e ao ser o ultrapassado, o motor entra em condição de shutdown.",
105-4,Inlet Manifold Temperature Sensor:Voltage Below Normal,,"Sensor defeituoso, cabo de interligação defeituoso.",Checagem do sensor e cabos de interligação; Troca do sensor e cabos de interligação.,
E53,Low Fuel Pressure,Baixa pressão de combustível,"Tampa do tanque de combustível, Válvula reguladora de pressão de combustível, Válvula de alívio de pressão de combustível, Nível de combustível.","Verificar tampa do tanque de combustível, válvula reguladora de pressão de combustível, válvula de alívio de p ressão de combustível e nível de combustível.",
E268,Unexpected Engine Shutdown,Parada inesperada do motor,"O módulo de controle eletrônico do motor (ECM) recebe velocidade do motor igual a zero, sem que tenha sido ativado o procedimento de desligamento do motor","Checagem de outros códigos de falha, checagem do sistema de alimentação de combustível, checagem dos injetores, transmissão ou a cessórios do motor.",
100-3,Engine Oil Pressure Sensor:Voltage Above Normal,Sensor de pressão de óleo lubrificante: Voltagem alta,"Sensor defeituoso, cabo de interligação defeituoso.",Checagem do sensor e cabos de interligação; Troca do sensor e cabos de interligação.,
E39,Low Engine Oil Pressure Derate,Baixa pressão de óleo lubrificante,"Baixo nível de óleo lubrificante, óleo lubrificante contaminado, viscosidade incorreta, sensores de pressão de óleo defeituosos, circulação imprópria do óleo lubrificante, componentes desgastados. Essa falha, caso não tratada, pode gerar consequências catastróficas nos motores.","Checar o nível de óleo,qualidade e viscosidade, verificar se o filtro de óleo está obstruido",
E59,Low Engine Coolant Level Warning,Baixo nível de liquido de arrefecimento.,Baixo nível de liquido de arrefecimento.,"Checar por vazamentos no sistema de arrefecimento, aftercoolers, trocadores de calor.",
110-4,Engine Coolant Temperature Sensor:Voltage Below Normal,Sensor de temperatura de arrefecimento: Voltagem baixa,"Sensor defeituoso, cabo de interligação defeituoso.",Checagem do sensor e cabos de interligação; Troca do sensor e cabos de interligação.,
3668-17,Engine Intercooler Coolant Level:Low - least severe (1),Baixo nível de liquido de arrefecimento no intercooler.,Baixo nível de liquido de arrefecimento no intercooler.,"Checar por vazamentos no sistema de arrefecimento, aftercoolers, trocadores de calor.",
E96,High Fuel Pressure,Alta pressão de combustível,Aumento de pressão de combustível. Necessidade de troca do filtro de combustível. Instalação incorreta dos sensores de pressão de entrada/saída de combustível. Possível falha do regulador de pressão de combustível. Possível falha na válvula de alívio de pressão da bomba de transferência de combustível. ,Checagem do posicionamento de instalação dos sensores de pressão; Troca dos filtros de combustível. Verificar linhas de combustível em busca de restrições no retorno de combustível.,
94-15,Engine Fuel Delivery Pressure:High - least severe (1),Alta pressão de entrada de Combustível,Aumento de pressão de combustível; Necessidade de troca do filtro de combustível; Instalação incorreta dos sensores de pressão de entrada/saída de combustível. Possível falha do regulador de pressão de combustível. Possível falha na válvula de alívio de pressão da bomba de transferência de combustível. ,Checagem do posicionamento de instalação dos sensores de pressão; Troca dos filtros de combustível. Verificar linhas de combustível em busca de restrições no retorno de combustível.,
E360,Low Engine Oil Pressure,Baixa pressão de óleo lubrificante,"Baixo nível de óleo lubrificante, óleo lubrificante contaminado, viscosidade incorreta, sensores de pressão de óleo defeituosos, circulação imprópria do óleo lubrificante, componentes desgastados. Essa falha, caso não tratada, pode gerar consequências catastróficas nos motores.","Checar o nível de óleo,qualidade e viscosidade, verificar se o filtro de óleo está obstruido.",
E363,High Fuel Supply Temperature,Alta temperatura de combustível de admissão,"Válvula reguladora de pressão de combustível, Nível de combustível, Linhas de combustível, Motor superaquecido.","Inspecionar a válvula reguladora de pressão de combustível de retorno. Certificar-se de que o tanque de combustível contém combustível suficiente. À medida que o nível do tanque de combustível diminui, a temperatura do combustível geralmente aumenta. Certificar-se de que o fluxo de retorno de combustível para o tanque de combustível não esteja obstruído. ",
E539,High Intake Manifold Air Temperature,Temperatura alta no coletor de admissão,"Temperatura do ar de entrada, Temperatura do refrigerante, Relação Ar / Combustível, Restrição do ar de entrada, Sensor, Conectores e fiação, Restrição de escape, Sobrecarga do motor, Pós-arrefecedor, Fluxo de refrigerante, Fluxo de ar.","Verifique se há alta temperatura do ar de entrada, verifique se há alta temperatura do fluido refrigerante, verifique a relação ar / combustível, verifique se há restrição no sistema de entrada de ar, verifique o sensor de temperatura do coletor de admissão, inspecione os conectores elétricos e a fiação, verifique se há restrição no Sistema de Exaustão, Verifique se há Sobrecarga do Motor, Verifique se há uma Temperatura de Entrada Elevada para a Água de Resfriamento pelo Pós-resfriador, Verifique se há fluxo insuficiente de água de resfriamento pelo pós-resfriador, Verifique se há fluxo insuficiente de ar pelo pós-resfriador.",
172-15,Engine Air Inlet Temperature:High - least severe (1),Alta Temperatura de Entrada de Ar,"Alta temperatura de ar ambiente, Alta temperatura do líquido de arrefecimento, Restrição de entrada de ar e/ou elevada altitude, Sensor de temperatura de ar de entrada com defeito e/ou circuito, Fluxo insuficiente de água de resfriamento através do pós-arrefecedor, Fluxo insuficiente de ar através do pós-arrefecedor.","Verificar alta temperatura de ar ambiente, Verificar temperatura de arrefecimento, Verificar se há alta restrição de ar na entrada e/ou altitude elevada, Verificar o sensor de temperatura de ar do coletor de admissão e/ou o circuito, Verificar se há fluxo suficiente de líquido de arrefecimento através do aftercooler, Verificat se há fluxo de ar suficiente através do aftercooler.",
274-3,Atmospheric Pressure Sensor:Voltage Above Normal,,"Sensor defeituoso, cabo de interligação defeituoso.",Checagem do sensor e cabos de interligação; Troca do sensor e cabos de interligação.,
100-4,Engine Oil Pressure Sensor:Voltage Below Normal,,"Sensor defeituoso, cabo de interligação defeituoso.",Checagem do sensor e cabos de interligação; Troca do sensor e cabos de interligação.,
101-4,Crankcase Air Pressure Sensor:Voltage Below Normal,,"Sensor defeituoso, cabo de interligação defeituoso.",Checagem do sensor e cabos de interligação; Troca do sensor e cabos de interligação.,
274-4,Atmospheric Pressure Sensor:Voltage Below Normal,,"Sensor defeituoso, cabo de interligação defeituoso.",Checagem do sensor e cabos de interligação; Troca do sensor e cabos de interligação.,
262-4,5 Volt Sensor DC Power Supply:Voltage Below Normal,,Tensão de 5V: Voltagem acima do normal. A alimentação 5vdc é fornecida pelo ECM e sua alteração pode indicar o mau funcionamento do mesmo.,Verificação do ECM e da estabilidade da tensão 5vdc para sensores; Verificação do chicote de interligação em busca de possíveis curtos na alimentação de todos os sensores 5vdc do motor.,
3052-9,Engine Sensing Module (ESM):Abnormal Update Rate,,Falha de comunicação entre o PLE e o ESM (Engine Sensing Module) do motor. ,"Verificação do ESM, chicotes e conectores de interligação entre o ESM e o PLE.",
1382-3,Engine Fuel Filter (suction side) Differential Pressure:Voltage Above Normal,,"Sensor defeituoso, cabo de interligação defeituoso.",Checagem do sensor e cabos de interligação; Troca do sensor e cabos de interligação.,
1177-3,Engine Turbocharger #2 Compressor Inlet Pressure:Voltage Above Normal,,"Sensor defeituoso, cabo de interligação defeituoso.",Checagem do sensor e cabos de interligação; Troca do sensor e cabos de interligação.,
974-5,Remote Accelerator Pedal Position:Current Below Normal,Posição do Pedal do acelerador - Corrente abaixo do normal,"Falha no sinal do acelerador do motor. Sensor defeituoso, chicote defeituoso, sensor desconectado.",Checagem do sensor e cabos de interligação; Troca do sensor e cabos de interligação.,
1785-3,Intake Manifold Pressure Sensor: Voltage Above Normal,Sensor de Pressão do Coletor de Admissão Tensão Acima do Normal,"Sensor defeituoso, chicote defeituoso, sensor desconectado.",Checagem do sensor e cabos de interligação; Troca do sensor e cabos de interligação.,
1923-5,Remote Throttle Position Sensor: Current Below Normal,Sensor remoto de posição do acelerador Corrente abaixo do normal,"Sensor defeituoso ou descalibrado , cabo de interligação defeituoso.","Checar calibragem do sensor, checar cabo de interligação ",
94-4,Fuel Delivery Pressure Sensor:Voltage Below Normal,Sensor de Pressão de Entrada de Combustível - Tensão abaixo do normal,"Sensor defeituoso, cabo de interligação defeituoso.",Checagem do sensor e cabos de interligação; Troca do sensor e cabos de interligação.,
111-18,Engine Coolant Level:Low - moderate severity (2),Baixo nível de liquido de arrefecimento.,Baixo nível de liquido de arrefecimento.,"Checar por vazamentos no sistema de arrefecimento, aftercoolers, trocadores de calor.",
723-8,"Engine Speed Sensor #2:Abnormal Frequency, Pulse Width, or Period","Sensor de velocidade do motor #2: Frequência anormal, largura de pulso, ou período","
Voltagem da bateria para o ECM principal, Perda do sinal primário de pulsação ECM, Códigos de diagnóstico para as solenóides do injetor, Condição de excesso de velocidade do motor","
Estabelecer comunicação com o ECM principal. Se a comunicação com o ECM primário não puder ser estabelecida, verifique se a tensão está presente no ECM principal. Verifique se o fio que transporta o sinal de pulso do ECM principal para o ECM secundário não tem uma abertura ou se o fio não está em curto.",
174-4,Engine Fuel Temperature 1:Voltage Below Normal,Sensor de Temperatura de Combustível - Tensão abaixo do normal,"Sensor defeituoso, cabo de interligação defeituoso.",Checagem do sensor e cabos de interligação; Troca do sensor e cabos de interligação.,
174-3,Engine Fuel Temperature 1:Voltage Above Normal,Sensor de Temperatura de Combustível - Tensão abaixo do normal,"Sensor defeituoso, cabo de interligação defeituoso.",Checagem do sensor e cabos de interligação; Troca do sensor e cabos de interligação.,
E279,High Aftercooler Temperature Warning,,"Circuito do Aftercooler - Baixo nível do líquido de arrefecimento, Qualidade de refrigerante, Ar no sistema de arrefecimento, Radiador, Vazamento de refrigerante, Ventilador de refrigeração do radiador defeituoso (se aplicável), Mangueiras danificadas, Regulador de temperatura com defeito, Bomba de líquido arrefecedor de água com revestimento defeituoso, Pós-resfriador.","Verificar se o motor está operando com cargas muito altas. Verificar regulador de temperatura, se existe ar no sistema de arrefecimento, vazamento de fluido de arrefecimento, mangueiras danificadas e/ou aftercooler defeituoso.",
E7,High Aftercooler Temperature Derate,,"Circuito do Aftercooler - Baixo nível do líquido de arrefecimento, Qualidade de refrigerante, Ar no sistema de arrefecimento, Radiador, Vazamento de refrigerante, Ventilador de refrigeração do radiador defeituoso (se aplicável), Mangueiras danificadas, Regulador de temperatura com defeito, Bomba de líquido arrefecedor de água com revestimento defeituoso, Pós-resfriador.","Verificar se o motor está operando com cargas muito altas. Verificar regulador de temperatura, se existe ar no sistema de arrefecimento, vazamento de fluido de arrefecimento, mangueiras danificadas e/ou aftercooler defeituoso.",
E8,High Aftercooler Temperature Shutdown,,"Circuito do Aftercooler - Baixo nível do líquido de arrefecimento, ar no sistema de arrefecimento, vazamento de fluido, mangueiras danificadas, aftercooler defeituoso, bomba de líquido arrefecedor de água com revestimento defeituoso.","Verificar se o motor está operando com cargas muito altas. Verificar regulador de temperatura, se existe ar no sistema de arrefecimento, vazamento de fluido de arrefecimento, mangueiras danificadas e/ou aftercooler defeituoso.",
111-17,Engine Coolant Level:Low - least severe (1),,Baixo nível de liquido de arrefecimento.,"Checar por vazamentos no sistema de arrefecimento, aftercoolers, trocadores de calor.",
107-16,Engine Air Filter 1 Differential Pressure:High - moderate severity (2),,Filtro de ar bloqueado/obstruído.,Checagem do filtro de ar e tubulações de admissão do motor.,
107-17,Engine Air Filter 1 Differential Pressure:High - moderate severity (2),,Filtro de ar bloqueado/obstruído.,Checagem do filtro de ar e tubulações de admissão do motor.,
E194,High Exhaust Temperature,,"Restrição da vazão de ar de admissão, vazamento no coletor de admissão ou descarga, retrição na descarga, injetores defeituosos, redução de performance do aftercooler.","Chegagem da entrada de ar do motor a procura de restrições ou vazamentos, checagem do coletor de descarga a procura de vazamentos entre o coletor e o turbo-compressor, checagem da saída da descarga de gases a procura de restrições ou alta co ntra-pressão, checagem da performance dos injetores, checagem do aftercooler a procura de vazamentos ou entupimento das aletas internas.",
E197,High Engine Oil Temperature,,"Baixo nível de óleo lubrificante, óleo lubrificante contaminado, viscosidade incorreta, sensores de pressão de óleo defeituosos, circulação imprópria do óleo lubrificante, componentes desgastados. Essa falha, caso não tratada, pode gerar consequências catastróficas nos motores.","Checar o nível de óleo,qualidade e viscosidade, verificar se o filtro de óleo está obstruido",
E361,High Engine Coolant Temperature,,"Nível de fluido de arrefecimento baixo, qualidade do fluido, ar no sistema de arrefecimento, válvula termostática, bomba de água de jaqueta, aftercooler.","Inspecionar o nível do líquido de arrefecimento e Verificar sua qualidade, Verificar presença de ar no sistema de arrefecimento, Verificar as aletas de refrigeração no radiador. Verificar o sistema de arrefecimento quanto a vazamentos. Verificar se o motor não está com sobrecarga.",
100-17,Engine Oil Pressure:Low - least severe (1),,"Baixo nível de óleo lubrificante, óleo lubrificante contaminado, viscosidade incorreta, sensores de pressão de óleo defeituosos, circulação imprópria do óleo lubrificante, componentes desgastados. Essa falha, caso não tratada, pode gerar consequências catastróficas nos motores.","Checar o nível de óleo,qualidade e viscosidade, verificar se o filtro de óleo está obstruido",
1923-6,Remote Throttle Position Sensor:Current Above Normal,,"Sensor defeituoso ou descalibrado , cabo de interligação defeituoso.","Checar calibragem do sensor, checar cabo de interligação ",
E390,Fuel Filter Restriction,,Aumento do diferencial de pressão no filtro de combustível; Necessidade de troca do filtro de combustível; Instalação incorreta dos sensores de pressão de entrada/saída de combustível.,Checagem do posicionamento de instalação dos sensores de pressão; Troca dos filtros de combustível.,
E73,High Oil Filter Differential Pressure,,Aumento do diferencial de pressão no filtro de combustível; Necessidade de troca do filtro de combustível; Instalação incorreta dos sensores de pressão de entrada/saída de combustível.,Checagem do posicionamento de instalação dos sensores de pressão; Troca dos filtros de combustível.,
175-4,Engine Oil Temperature Sensor:Voltage Below Normal,,"Sensor defeituoso, cabo de interligação defeituoso.",Checagem do sensor e cabos de interligação; Troca do sensor e cabos de interligação.,
E390,Fuel Filter Restriction,,Aumento do diferencial de pressão no filtro de combustível; Necessidade de troca do filtro de combustível; Instalação incorreta dos sensores de pressão de entrada/saída de combustível.,Checagem do posicionamento de instalação dos sensores de pressão; Troca dos filtros de combustível.,
E171,Low Engine Oil Level,,"Baixo nível de óleo lubrificante, óleo lubrificante contaminado, viscosidade incorreta, sensores de pressão de óleo defeituosos, circulação imprópria do óleo lubrificante, componentes desgastados. Essa falha, caso não tratada, pode gerar consequências catastróficas nos motores.","Checar o nível de óleo, qualidade e viscosidade, verificar se o filtro de óleo está obstruído",
E97,Engine Derate Overriden,,"Houve bypass de proteção do motor. Acontece quando algum evento desencadeia a proteção, reduzindo a potência do motor e o operador cancela a atuação da mesma.","Checar qual evento desencadeou a redução de potência e assim, atuar para a correção do mesmo.",
168-0,Electrical System Voltage:High,,A tensão de alimentação da bateria é superior a 32 VDC por dois segundos. O ECM do motor foi alimentado por três segundos. O motor não está sendo acionado.,"Checar cabos e conectores, tensão do ECM e da bateria e Tensão do ECS.",
107-18,Engine Air Filter 1 Differential Pressure:Low - moderate severity (2),,Filtro de ar bloqueado/obstruído.,Checagem do filtro de ar e tubulações de admissão do motor.,
107-15,Engine Air Filter 1 Differential Pressure:High - least severe (1),,Filtro de ar bloqueado/obstruído.,Checagem do filtro de ar e tubulações de admissão do motor.,
E56,High Fuel Temperature Warning,Alta temperatura de combustível - Alerta,"Válvula reguladora de pressão de combustível, Nível de combustível, Linhas de combustível, Motor superaquecido.","Inspecionar a válvula reguladora de pressão de combustível de retorno. Certificar-se de que o tanque de combustível contém combustível suficiente. À medida que o nível do tanque de combustível diminui, a temperatura do combustível geralmente aumenta. Certificar-se de que o fluxo de retorno de combustível para o tanque de combustível não esteja obstruído. ",
41-3,8 Volt DC Supply:Voltage Above Normal,,Tensão de 8V: Voltagem acima do normal. A alimentação 8vdc é fornecida pelo ECM e sua alteração pode indicar o mau funcionamento do mesmo.,Verificação do ECM e da estabilidade da tensão 8vdc para sensores; Verificação do chicote de interligação em busca de possíveis curtos na alimentação de todos os sensores 8vdc do motor.,
338-5,Engine Pre-Lube Pump Relay:Current Below Normal,,O ECM detectou uma baixa corrente no relé da bomba de pré lubrificação.,"Verificar cabos e conectores, Checar operação e tensão do motor de pré lubrificação.",
110-0,Engine Coolant Temperature:High - most severe (3),,"Nível de fluido de arrefecimento baixo, qualidade do fluido, ar no sistema de arrefecimento, válvula termostática, bomba de água de jaqueta, aftercooler.","Inspecionar o nível do líquido de arrefecimento e Verificar sua qualidade, Verificar presença de ar no sistema de arrefecimento, Verificar as aletas de refrigeração no radiador. Verificar o sistema de arrefecimento quanto a vazamentos. Verificar se o motor não está com sobrecarga.",
190-0,Engine Speed:High - most severe (3),,Remoção de carga brusca no motor.,Diminuição gradual de carga desse motor.,
654-5,Engine Injector Cylinder #04:Current Below Normal,,"Normalmente, problemas com o solenóide do injetor ocorrem quando o motor é aquecido e / ou quando o motor está sob vibração (cargas pesadas). ","Inspecione os conectores elétricos e a fiação, realize o ""Teste de corte do cilindro"", verifique o chicote entre o ECM e os conectores do injetor em busca de um circuito aberto.",
273-4,Turbocharger Outlet Pressure Sensor:Voltage Below Normal,,"Sensor defeituoso, cabo de interligação defeituoso.",Checagem do sensor e cabos de interligação; Troca do sensor e cabos de interligação.,
659-5,Cylinder #9 Injector:Current Below Normal,,"Normalmente, problemas com o solenóide do injetor ocorrem quando o motor é aquecido e / ou quando o motor está sob vibração (cargas pesadas). ","Inspecione os conectores elétricos e a fiação, realize o ""Teste de corte do cilindro"", verifique o chicote entre o ECM e os conectores do injetor em busca de um circuito aberto.",
2773-8,"Engine Fuel Supply Flow Rate:Abnormal Frequency, Pulse Width, or Period","Sensor de suprimento de combustível: Frequência anormal, largura de pulso, ou período","Sensor defeituoso, cabo de interligação defeituoso.",Checagem do sensor e cabos de interligação; Troca do sensor e cabos de interligação.,
1785-4,Intake Manifold Pressure Sensor: Voltage Below Normal,Sensor de Pressão do Coletor de Admissão Tensão Abaixo do Normal,"Sensor defeituoso, chicote defeituoso, sensor desconectado.",Checagem do sensor e cabos de interligação; Troca do sensor e cabos de interligação.,
127-3,Transmission Oil Pressure Sensor:Voltage Above Normal,Sensor de Pressão do Óleo de Transmissão: Tensão acima do normal,"Sensor defeituoso, chicote defeituoso, sensor desconectado.",Checagem do sensor e cabos de interligação; Troca do sensor e cabos de interligação.,
E30,High Transmission Oil Temperature Warning,Alta temperatura de óleo de transmissão - Alerta,"Baixo nível de óleo de transmissão, resfriador do óleo de transmissão","Checar o nível de óleo de transmissão, remover o excesso caso se aplique. Checar restrições na válvula de alívio e fazer os reparos necessários.",
E2112,Low Engine Coolant Pressure,,"Baixo nível do líquido de arrefecimento, qualidade do refrigerante, ar no sistema de arrefecimento, radiador, vazamento de refrigerante, ventilador de refrigeração do radiador defeituoso (se aplicável), mangueiras danificadas, regulador de temperatura com defeito, bomba de líquido arrefecedor de água com revestimento defeituoso, aftecooler ou carga excessiva no sistema.","Inspecionar o nível do líquido de arrefecimento e Verificar sua qualidade, Verificar presença de ar no sistema de arrefecimento, Verificar as aletas de refrigeração no radiador. Verificar o sistema de arrefecimento quanto a vazamentos. Verificar se o motor não está com sobrecarga.",
2491-3,Turbocharger #1 Compressor Inlet Temperature Sensor:Voltage Above Normal,,"Sensor defeituoso, cabo de interligação defeituoso.",Checagem do sensor e cabos de interligação; Troca do sensor e cabos de interligação.,
107-18,Engine Air Filter 1 Differential Pressure:Low - moderate severity (2),,Filtro de ar bloqueado/obstruído.,Checagem do filtro de ar e tubulações de admissão do motor.,
